1,frames_0000000001.png
833334,frames_0000000002.png
1666667,frames_0000000003.png
2500000,frames_0000000004.png
3333333,frames_0000000005.png
4166666,frames_0000000006.png
4999999,frames_0000000007.png
5833332,frames_0000000008.png
6666665,frames_0000000009.png
7499998,frames_0000000010.png
8333331,frames_0000000011.png
9166664,frames_0000000012.png
9999997,frames_0000000013.png
10833330,frames_0000000014.png
11666663,frames_0000000015.png
12499996,frames_0000000016.png
13333329,frames_0000000017.png
14166662,frames_0000000018.png
14999995,frames_0000000019.png
15833328,frames_0000000020.png
16666661,frames_0000000021.png
17499994,frames_0000000022.png
18333327,frames_0000000023.png
19166660,frames_0000000024.png
19999993,frames_0000000025.png
20833326,frames_0000000026.png
21666659,frames_0000000027.png
22499992,frames_0000000028.png
23333325,frames_0000000029.png
24166658,frames_0000000030.png
24999991,frames_0000000031.png
25833324,frames_0000000032.png
26666657,frames_0000000033.png
27499990,frames_0000000034.png
28333323,frames_0000000035.png
29166656,frames_0000000036.png
29999989,frames_0000000037.png
30833322,frames_0000000038.png
31666655,frames_0000000039.png
32499988,frames_0000000040.png
33333321,frames_0000000041.png
34166654,frames_0000000042.png
34999987,frames_0000000043.png
35833320,frames_0000000044.png
36666653,frames_0000000045.png
37499986,frames_0000000046.png
38333319,frames_0000000047.png
39166652,frames_0000000048.png
39999985,frames_0000000049.png
40833318,frames_0000000050.png
41666651,frames_0000000051.png
42499984,frames_0000000052.png
43333317,frames_0000000053.png
44166650,frames_0000000054.png
44999983,frames_0000000055.png
45833316,frames_0000000056.png
46666649,frames_0000000057.png
47499982,frames_0000000058.png
48333315,frames_0000000059.png
49166648,frames_0000000060.png
49999981,frames_0000000061.png
50833314,frames_0000000062.png
51666647,frames_0000000063.png
52499980,frames_0000000064.png
53333313,frames_0000000065.png
54166646,frames_0000000066.png
54999979,frames_0000000067.png
55833312,frames_0000000068.png
56666645,frames_0000000069.png
57499978,frames_0000000070.png
58333311,frames_0000000071.png
59166644,frames_0000000072.png
59999977,frames_0000000073.png
60833310,frames_0000000074.png
61666643,frames_0000000075.png
62499976,frames_0000000076.png
63333309,frames_0000000077.png
64166642,frames_0000000078.png
64999975,frames_0000000079.png
65833308,frames_0000000080.png
66666641,frames_0000000081.png
67499974,frames_0000000082.png
68333307,frames_0000000083.png
69166640,frames_0000000084.png
69999973,frames_0000000085.png
70833306,frames_0000000086.png
71666639,frames_0000000087.png
72499972,frames_0000000088.png
73333305,frames_0000000089.png
74166638,frames_0000000090.png
74999971,frames_0000000091.png
75833304,frames_0000000092.png
76666637,frames_0000000093.png
77499970,frames_0000000094.png
78333303,frames_0000000095.png
79166636,frames_0000000096.png
79999969,frames_0000000097.png
80833302,frames_0000000098.png
81666635,frames_0000000099.png
82499968,frames_0000000100.png
83333301,frames_0000000101.png
84166634,frames_0000000102.png
84999967,frames_0000000103.png
85833300,frames_0000000104.png
86666633,frames_0000000105.png
87499966,frames_0000000106.png
88333299,frames_0000000107.png
89166632,frames_0000000108.png
89999965,frames_0000000109.png
90833298,frames_0000000110.png
91666631,frames_0000000111.png
92499964,frames_0000000112.png
93333297,frames_0000000113.png
94166630,frames_0000000114.png
94999963,frames_0000000115.png
95833296,frames_0000000116.png
96666629,frames_0000000117.png
97499962,frames_0000000118.png
98333295,frames_0000000119.png
99166628,frames_0000000120.png
99999961,frames_0000000121.png
100833294,frames_0000000122.png
101666627,frames_0000000123.png
102499960,frames_0000000124.png
103333293,frames_0000000125.png
104166626,frames_0000000126.png
104999959,frames_0000000127.png
105833292,frames_0000000128.png
106666625,frames_0000000129.png
107499958,frames_0000000130.png
108333291,frames_0000000131.png
109166624,frames_0000000132.png
109999957,frames_0000000133.png
110833290,frames_0000000134.png
111666623,frames_0000000135.png
112499956,frames_0000000136.png
113333289,frames_0000000137.png
114166622,frames_0000000138.png
114999955,frames_0000000139.png
115833288,frames_0000000140.png
116666621,frames_0000000141.png
117499954,frames_0000000142.png
118333287,frames_0000000143.png
119166620,frames_0000000144.png
119999953,frames_0000000145.png
120833286,frames_0000000146.png
121666619,frames_0000000147.png
122499952,frames_0000000148.png
123333285,frames_0000000149.png
124166618,frames_0000000150.png
124999951,frames_0000000151.png
125833284,frames_0000000152.png
126666617,frames_0000000153.png
127499950,frames_0000000154.png
128333283,frames_0000000155.png
129166616,frames_0000000156.png
129999949,frames_0000000157.png
130833282,frames_0000000158.png
131666615,frames_0000000159.png
132499948,frames_0000000160.png
133333281,frames_0000000161.png
134166614,frames_0000000162.png
134999947,frames_0000000163.png
135833280,frames_0000000164.png
136666613,frames_0000000165.png
137499946,frames_0000000166.png
138333279,frames_0000000167.png
139166612,frames_0000000168.png
139999945,frames_0000000169.png
140833278,frames_0000000170.png
141666611,frames_0000000171.png
142499944,frames_0000000172.png
143333277,frames_0000000173.png
144166610,frames_0000000174.png
144999943,frames_0000000175.png
145833276,frames_0000000176.png
146666609,frames_0000000177.png
147499942,frames_0000000178.png
148333275,frames_0000000179.png
149166608,frames_0000000180.png
149999941,frames_0000000181.png
150833274,frames_0000000182.png
151666607,frames_0000000183.png
152499940,frames_0000000184.png
153333273,frames_0000000185.png
154166606,frames_0000000186.png
154999939,frames_0000000187.png
155833272,frames_0000000188.png
156666605,frames_0000000189.png
157499938,frames_0000000190.png
158333271,frames_0000000191.png
159166604,frames_0000000192.png
159999937,frames_0000000193.png
160833270,frames_0000000194.png
161666603,frames_0000000195.png
162499936,frames_0000000196.png
163333269,frames_0000000197.png
164166602,frames_0000000198.png
164999935,frames_0000000199.png
165833268,frames_0000000200.png
166666601,frames_0000000201.png
167499934,frames_0000000202.png
168333267,frames_0000000203.png
169166600,frames_0000000204.png
169999933,frames_0000000205.png
170833266,frames_0000000206.png
171666599,frames_0000000207.png
172499932,frames_0000000208.png
173333265,frames_0000000209.png
174166598,frames_0000000210.png
174999931,frames_0000000211.png
175833264,frames_0000000212.png
176666597,frames_0000000213.png
177499930,frames_0000000214.png
178333263,frames_0000000215.png
179166596,frames_0000000216.png
179999929,frames_0000000217.png
180833262,frames_0000000218.png
181666595,frames_0000000219.png
182499928,frames_0000000220.png
183333261,frames_0000000221.png
184166594,frames_0000000222.png
184999927,frames_0000000223.png
185833260,frames_0000000224.png
186666593,frames_0000000225.png
187499926,frames_0000000226.png
188333259,frames_0000000227.png
189166592,frames_0000000228.png
189999925,frames_0000000229.png
190833258,frames_0000000230.png
191666591,frames_0000000231.png
192499924,frames_0000000232.png
193333257,frames_0000000233.png
194166590,frames_0000000234.png
194999923,frames_0000000235.png
195833256,frames_0000000236.png
196666589,frames_0000000237.png
197499922,frames_0000000238.png
198333255,frames_0000000239.png
199166588,frames_0000000240.png
199999921,frames_0000000241.png
200833254,frames_0000000242.png
201666587,frames_0000000243.png
202499920,frames_0000000244.png
203333253,frames_0000000245.png
204166586,frames_0000000246.png
204999919,frames_0000000247.png
205833252,frames_0000000248.png
206666585,frames_0000000249.png
207499918,frames_0000000250.png
208333251,frames_0000000251.png
209166584,frames_0000000252.png
209999917,frames_0000000253.png
210833250,frames_0000000254.png
211666583,frames_0000000255.png
212499916,frames_0000000256.png
213333249,frames_0000000257.png
214166582,frames_0000000258.png
214999915,frames_0000000259.png
215833248,frames_0000000260.png
216666581,frames_0000000261.png
217499914,frames_0000000262.png
218333247,frames_0000000263.png
219166580,frames_0000000264.png
219999913,frames_0000000265.png
220833246,frames_0000000266.png
221666579,frames_0000000267.png
222499912,frames_0000000268.png
223333245,frames_0000000269.png
224166578,frames_0000000270.png
224999911,frames_0000000271.png
225833244,frames_0000000272.png
226666577,frames_0000000273.png
227499910,frames_0000000274.png
228333243,frames_0000000275.png
229166576,frames_0000000276.png
229999909,frames_0000000277.png
230833242,frames_0000000278.png
231666575,frames_0000000279.png
232499908,frames_0000000280.png
233333241,frames_0000000281.png
234166574,frames_0000000282.png
234999907,frames_0000000283.png
235833240,frames_0000000284.png
236666573,frames_0000000285.png
237499906,frames_0000000286.png
238333239,frames_0000000287.png
239166572,frames_0000000288.png
239999905,frames_0000000289.png
240833238,frames_0000000290.png
241666571,frames_0000000291.png
242499904,frames_0000000292.png
243333237,frames_0000000293.png
244166570,frames_0000000294.png
244999903,frames_0000000295.png
245833236,frames_0000000296.png
246666569,frames_0000000297.png
247499902,frames_0000000298.png
248333235,frames_0000000299.png
249166568,frames_0000000300.png
249999901,frames_0000000301.png
250833234,frames_0000000302.png
251666567,frames_0000000303.png
252499900,frames_0000000304.png
253333233,frames_0000000305.png
254166566,frames_0000000306.png
254999899,frames_0000000307.png
255833232,frames_0000000308.png
256666565,frames_0000000309.png
257499898,frames_0000000310.png
258333231,frames_0000000311.png
259166564,frames_0000000312.png
259999897,frames_0000000313.png
260833230,frames_0000000314.png
261666563,frames_0000000315.png
262499896,frames_0000000316.png
263333229,frames_0000000317.png
264166562,frames_0000000318.png
264999895,frames_0000000319.png
265833228,frames_0000000320.png
266666561,frames_0000000321.png
267499894,frames_0000000322.png
268333227,frames_0000000323.png
269166560,frames_0000000324.png
269999893,frames_0000000325.png
270833226,frames_0000000326.png
271666559,frames_0000000327.png
272499892,frames_0000000328.png
273333225,frames_0000000329.png
274166558,frames_0000000330.png
274999891,frames_0000000331.png
275833224,frames_0000000332.png
276666557,frames_0000000333.png
277499890,frames_0000000334.png
278333223,frames_0000000335.png
279166556,frames_0000000336.png
279999889,frames_0000000337.png
280833222,frames_0000000338.png
281666555,frames_0000000339.png
282499888,frames_0000000340.png
283333221,frames_0000000341.png
284166554,frames_0000000342.png
284999887,frames_0000000343.png
285833220,frames_0000000344.png
286666553,frames_0000000345.png
287499886,frames_0000000346.png
288333219,frames_0000000347.png
289166552,frames_0000000348.png
289999885,frames_0000000349.png
290833218,frames_0000000350.png
291666551,frames_0000000351.png
292499884,frames_0000000352.png
293333217,frames_0000000353.png
294166550,frames_0000000354.png
294999883,frames_0000000355.png
295833216,frames_0000000356.png
296666549,frames_0000000357.png
297499882,frames_0000000358.png
298333215,frames_0000000359.png
299166548,frames_0000000360.png
299999881,frames_0000000361.png
300833214,frames_0000000362.png
301666547,frames_0000000363.png
302499880,frames_0000000364.png
303333213,frames_0000000365.png
304166546,frames_0000000366.png
304999879,frames_0000000367.png
305833212,frames_0000000368.png
306666545,frames_0000000369.png
307499878,frames_0000000370.png
308333211,frames_0000000371.png
309166544,frames_0000000372.png
309999877,frames_0000000373.png
310833210,frames_0000000374.png
311666543,frames_0000000375.png
312499876,frames_0000000376.png
313333209,frames_0000000377.png
314166542,frames_0000000378.png
314999875,frames_0000000379.png
315833208,frames_0000000380.png
316666541,frames_0000000381.png
317499874,frames_0000000382.png
318333207,frames_0000000383.png
319166540,frames_0000000384.png
319999873,frames_0000000385.png
320833206,frames_0000000386.png
321666539,frames_0000000387.png
322499872,frames_0000000388.png
323333205,frames_0000000389.png
324166538,frames_0000000390.png
324999871,frames_0000000391.png
325833204,frames_0000000392.png
326666537,frames_0000000393.png
327499870,frames_0000000394.png
328333203,frames_0000000395.png
329166536,frames_0000000396.png
329999869,frames_0000000397.png
330833202,frames_0000000398.png
331666535,frames_0000000399.png
332499868,frames_0000000400.png
333333201,frames_0000000401.png
334166534,frames_0000000402.png
334999867,frames_0000000403.png
335833200,frames_0000000404.png
336666533,frames_0000000405.png
337499866,frames_0000000406.png
338333199,frames_0000000407.png
339166532,frames_0000000408.png
339999865,frames_0000000409.png
340833198,frames_0000000410.png
341666531,frames_0000000411.png
342499864,frames_0000000412.png
343333197,frames_0000000413.png
344166530,frames_0000000414.png
344999863,frames_0000000415.png
345833196,frames_0000000416.png
346666529,frames_0000000417.png
347499862,frames_0000000418.png
348333195,frames_0000000419.png
349166528,frames_0000000420.png
349999861,frames_0000000421.png
350833194,frames_0000000422.png
351666527,frames_0000000423.png
352499860,frames_0000000424.png
353333193,frames_0000000425.png
354166526,frames_0000000426.png
354999859,frames_0000000427.png
355833192,frames_0000000428.png
356666525,frames_0000000429.png
357499858,frames_0000000430.png
358333191,frames_0000000431.png
359166524,frames_0000000432.png
359999857,frames_0000000433.png
360833190,frames_0000000434.png
361666523,frames_0000000435.png
362499856,frames_0000000436.png
363333189,frames_0000000437.png
364166522,frames_0000000438.png
364999855,frames_0000000439.png
365833188,frames_0000000440.png
366666521,frames_0000000441.png
367499854,frames_0000000442.png
368333187,frames_0000000443.png
369166520,frames_0000000444.png
369999853,frames_0000000445.png
370833186,frames_0000000446.png
371666519,frames_0000000447.png
372499852,frames_0000000448.png
373333185,frames_0000000449.png
374166518,frames_0000000450.png
374999851,frames_0000000451.png
375833184,frames_0000000452.png
376666517,frames_0000000453.png
377499850,frames_0000000454.png
378333183,frames_0000000455.png
379166516,frames_0000000456.png
379999849,frames_0000000457.png
380833182,frames_0000000458.png
381666515,frames_0000000459.png
382499848,frames_0000000460.png
383333181,frames_0000000461.png
384166514,frames_0000000462.png
384999847,frames_0000000463.png
385833180,frames_0000000464.png
386666513,frames_0000000465.png
387499846,frames_0000000466.png
388333179,frames_0000000467.png
389166512,frames_0000000468.png
389999845,frames_0000000469.png
390833178,frames_0000000470.png
391666511,frames_0000000471.png
392499844,frames_0000000472.png
393333177,frames_0000000473.png
394166510,frames_0000000474.png
394999843,frames_0000000475.png
395833176,frames_0000000476.png
396666509,frames_0000000477.png
397499842,frames_0000000478.png
398333175,frames_0000000479.png
399166508,frames_0000000480.png
399999841,frames_0000000481.png
400833174,frames_0000000482.png
401666507,frames_0000000483.png
402499840,frames_0000000484.png
403333173,frames_0000000485.png
404166506,frames_0000000486.png
404999839,frames_0000000487.png
405833172,frames_0000000488.png
406666505,frames_0000000489.png
407499838,frames_0000000490.png
408333171,frames_0000000491.png
409166504,frames_0000000492.png
409999837,frames_0000000493.png
410833170,frames_0000000494.png
411666503,frames_0000000495.png
412499836,frames_0000000496.png
413333169,frames_0000000497.png
414166502,frames_0000000498.png
414999835,frames_0000000499.png
415833168,frames_0000000500.png
416666501,frames_0000000501.png
417499834,frames_0000000502.png
418333167,frames_0000000503.png
419166500,frames_0000000504.png
419999833,frames_0000000505.png
420833166,frames_0000000506.png
421666499,frames_0000000507.png
422499832,frames_0000000508.png
423333165,frames_0000000509.png
424166498,frames_0000000510.png
424999831,frames_0000000511.png
425833164,frames_0000000512.png
426666497,frames_0000000513.png
427499830,frames_0000000514.png
428333163,frames_0000000515.png
429166496,frames_0000000516.png
429999829,frames_0000000517.png
430833162,frames_0000000518.png
431666495,frames_0000000519.png
432499828,frames_0000000520.png
433333161,frames_0000000521.png
434166494,frames_0000000522.png
434999827,frames_0000000523.png
435833160,frames_0000000524.png
436666493,frames_0000000525.png
437499826,frames_0000000526.png
438333159,frames_0000000527.png
439166492,frames_0000000528.png
439999825,frames_0000000529.png
440833158,frames_0000000530.png
441666491,frames_0000000531.png
442499824,frames_0000000532.png
443333157,frames_0000000533.png
444166490,frames_0000000534.png
444999823,frames_0000000535.png
445833156,frames_0000000536.png
446666489,frames_0000000537.png
447499822,frames_0000000538.png
448333155,frames_0000000539.png
449166488,frames_0000000540.png
449999821,frames_0000000541.png
450833154,frames_0000000542.png
451666487,frames_0000000543.png
452499820,frames_0000000544.png
453333153,frames_0000000545.png
454166486,frames_0000000546.png
454999819,frames_0000000547.png
455833152,frames_0000000548.png
456666485,frames_0000000549.png
457499818,frames_0000000550.png
458333151,frames_0000000551.png
459166484,frames_0000000552.png
459999817,frames_0000000553.png
460833150,frames_0000000554.png
461666483,frames_0000000555.png
462499816,frames_0000000556.png
463333149,frames_0000000557.png
464166482,frames_0000000558.png
464999815,frames_0000000559.png
465833148,frames_0000000560.png
466666481,frames_0000000561.png
467499814,frames_0000000562.png
468333147,frames_0000000563.png
469166480,frames_0000000564.png
469999813,frames_0000000565.png
470833146,frames_0000000566.png
471666479,frames_0000000567.png
472499812,frames_0000000568.png
473333145,frames_0000000569.png
474166478,frames_0000000570.png
474999811,frames_0000000571.png
475833144,frames_0000000572.png
476666477,frames_0000000573.png
477499810,frames_0000000574.png
478333143,frames_0000000575.png
479166476,frames_0000000576.png
479999809,frames_0000000577.png
480833142,frames_0000000578.png
481666475,frames_0000000579.png
482499808,frames_0000000580.png
483333141,frames_0000000581.png
484166474,frames_0000000582.png
484999807,frames_0000000583.png
485833140,frames_0000000584.png
486666473,frames_0000000585.png
487499806,frames_0000000586.png
488333139,frames_0000000587.png
489166472,frames_0000000588.png
489999805,frames_0000000589.png
490833138,frames_0000000590.png
491666471,frames_0000000591.png
492499804,frames_0000000592.png
493333137,frames_0000000593.png
494166470,frames_0000000594.png
494999803,frames_0000000595.png
495833136,frames_0000000596.png
496666469,frames_0000000597.png
497499802,frames_0000000598.png
498333135,frames_0000000599.png
499166468,frames_0000000600.png
499999801,frames_0000000601.png
500833134,frames_0000000602.png
501666467,frames_0000000603.png
502499800,frames_0000000604.png
503333133,frames_0000000605.png
504166466,frames_0000000606.png
504999799,frames_0000000607.png
505833132,frames_0000000608.png
506666465,frames_0000000609.png
507499798,frames_0000000610.png
508333131,frames_0000000611.png
509166464,frames_0000000612.png
509999797,frames_0000000613.png
510833130,frames_0000000614.png
511666463,frames_0000000615.png
512499796,frames_0000000616.png
513333129,frames_0000000617.png
514166462,frames_0000000618.png
514999795,frames_0000000619.png
515833128,frames_0000000620.png
516666461,frames_0000000621.png
517499794,frames_0000000622.png
518333127,frames_0000000623.png
519166460,frames_0000000624.png
519999793,frames_0000000625.png
520833126,frames_0000000626.png
521666459,frames_0000000627.png
522499792,frames_0000000628.png
523333125,frames_0000000629.png
524166458,frames_0000000630.png
524999791,frames_0000000631.png
525833124,frames_0000000632.png
526666457,frames_0000000633.png
527499790,frames_0000000634.png
528333123,frames_0000000635.png
529166456,frames_0000000636.png
529999789,frames_0000000637.png
530833122,frames_0000000638.png
531666455,frames_0000000639.png
532499788,frames_0000000640.png
533333121,frames_0000000641.png
534166454,frames_0000000642.png
534999787,frames_0000000643.png
535833120,frames_0000000644.png
536666453,frames_0000000645.png
537499786,frames_0000000646.png
538333119,frames_0000000647.png
539166452,frames_0000000648.png
539999785,frames_0000000649.png
540833118,frames_0000000650.png
541666451,frames_0000000651.png
542499784,frames_0000000652.png
543333117,frames_0000000653.png
544166450,frames_0000000654.png
544999783,frames_0000000655.png
545833116,frames_0000000656.png
546666449,frames_0000000657.png
547499782,frames_0000000658.png
548333115,frames_0000000659.png
549166448,frames_0000000660.png
549999781,frames_0000000661.png
550833114,frames_0000000662.png
551666447,frames_0000000663.png
552499780,frames_0000000664.png
553333113,frames_0000000665.png
554166446,frames_0000000666.png
554999779,frames_0000000667.png
555833112,frames_0000000668.png
556666445,frames_0000000669.png
557499778,frames_0000000670.png
558333111,frames_0000000671.png
559166444,frames_0000000672.png
559999777,frames_0000000673.png
560833110,frames_0000000674.png
561666443,frames_0000000675.png
562499776,frames_0000000676.png
563333109,frames_0000000677.png
564166442,frames_0000000678.png
564999775,frames_0000000679.png
565833108,frames_0000000680.png
566666441,frames_0000000681.png
567499774,frames_0000000682.png
568333107,frames_0000000683.png
569166440,frames_0000000684.png
569999773,frames_0000000685.png
570833106,frames_0000000686.png
571666439,frames_0000000687.png
572499772,frames_0000000688.png
573333105,frames_0000000689.png
574166438,frames_0000000690.png
574999771,frames_0000000691.png
575833104,frames_0000000692.png
576666437,frames_0000000693.png
577499770,frames_0000000694.png
578333103,frames_0000000695.png
579166436,frames_0000000696.png
579999769,frames_0000000697.png
580833102,frames_0000000698.png
581666435,frames_0000000699.png
582499768,frames_0000000700.png
583333101,frames_0000000701.png
584166434,frames_0000000702.png
584999767,frames_0000000703.png
585833100,frames_0000000704.png
586666433,frames_0000000705.png
587499766,frames_0000000706.png
588333099,frames_0000000707.png
589166432,frames_0000000708.png
589999765,frames_0000000709.png
590833098,frames_0000000710.png
591666431,frames_0000000711.png
592499764,frames_0000000712.png
593333097,frames_0000000713.png
594166430,frames_0000000714.png
594999763,frames_0000000715.png
595833096,frames_0000000716.png
596666429,frames_0000000717.png
597499762,frames_0000000718.png
598333095,frames_0000000719.png
599166428,frames_0000000720.png
599999761,frames_0000000721.png
600833094,frames_0000000722.png
601666427,frames_0000000723.png
602499760,frames_0000000724.png
603333093,frames_0000000725.png
604166426,frames_0000000726.png
604999759,frames_0000000727.png
605833092,frames_0000000728.png
606666425,frames_0000000729.png
607499758,frames_0000000730.png
608333091,frames_0000000731.png
609166424,frames_0000000732.png
609999757,frames_0000000733.png
610833090,frames_0000000734.png
611666423,frames_0000000735.png
612499756,frames_0000000736.png
613333089,frames_0000000737.png
614166422,frames_0000000738.png
614999755,frames_0000000739.png
615833088,frames_0000000740.png
616666421,frames_0000000741.png
617499754,frames_0000000742.png
618333087,frames_0000000743.png
619166420,frames_0000000744.png
619999753,frames_0000000745.png
620833086,frames_0000000746.png
621666419,frames_0000000747.png
622499752,frames_0000000748.png
623333085,frames_0000000749.png
624166418,frames_0000000750.png
624999751,frames_0000000751.png
625833084,frames_0000000752.png
626666417,frames_0000000753.png
627499750,frames_0000000754.png
628333083,frames_0000000755.png
629166416,frames_0000000756.png
629999749,frames_0000000757.png
630833082,frames_0000000758.png
631666415,frames_0000000759.png
632499748,frames_0000000760.png
633333081,frames_0000000761.png
634166414,frames_0000000762.png
634999747,frames_0000000763.png
635833080,frames_0000000764.png
636666413,frames_0000000765.png
637499746,frames_0000000766.png
638333079,frames_0000000767.png
639166412,frames_0000000768.png
639999745,frames_0000000769.png
640833078,frames_0000000770.png
641666411,frames_0000000771.png
642499744,frames_0000000772.png
643333077,frames_0000000773.png
644166410,frames_0000000774.png
644999743,frames_0000000775.png
645833076,frames_0000000776.png
646666409,frames_0000000777.png
647499742,frames_0000000778.png
648333075,frames_0000000779.png
649166408,frames_0000000780.png
649999741,frames_0000000781.png
650833074,frames_0000000782.png
651666407,frames_0000000783.png
652499740,frames_0000000784.png
653333073,frames_0000000785.png
654166406,frames_0000000786.png
654999739,frames_0000000787.png
655833072,frames_0000000788.png
656666405,frames_0000000789.png
657499738,frames_0000000790.png
658333071,frames_0000000791.png
659166404,frames_0000000792.png
659999737,frames_0000000793.png
660833070,frames_0000000794.png
661666403,frames_0000000795.png
662499736,frames_0000000796.png
663333069,frames_0000000797.png
664166402,frames_0000000798.png
664999735,frames_0000000799.png
665833068,frames_0000000800.png
666666401,frames_0000000801.png
667499734,frames_0000000802.png
668333067,frames_0000000803.png
669166400,frames_0000000804.png
669999733,frames_0000000805.png
670833066,frames_0000000806.png
671666399,frames_0000000807.png
672499732,frames_0000000808.png
673333065,frames_0000000809.png
674166398,frames_0000000810.png
674999731,frames_0000000811.png
675833064,frames_0000000812.png
676666397,frames_0000000813.png
677499730,frames_0000000814.png
678333063,frames_0000000815.png
679166396,frames_0000000816.png
679999729,frames_0000000817.png
680833062,frames_0000000818.png
681666395,frames_0000000819.png
682499728,frames_0000000820.png
683333061,frames_0000000821.png
684166394,frames_0000000822.png
684999727,frames_0000000823.png
685833060,frames_0000000824.png
686666393,frames_0000000825.png
687499726,frames_0000000826.png
688333059,frames_0000000827.png
689166392,frames_0000000828.png
689999725,frames_0000000829.png
690833058,frames_0000000830.png
691666391,frames_0000000831.png
692499724,frames_0000000832.png
693333057,frames_0000000833.png
694166390,frames_0000000834.png
694999723,frames_0000000835.png
695833056,frames_0000000836.png
696666389,frames_0000000837.png
697499722,frames_0000000838.png
698333055,frames_0000000839.png
699166388,frames_0000000840.png
699999721,frames_0000000841.png
700833054,frames_0000000842.png
701666387,frames_0000000843.png
702499720,frames_0000000844.png
703333053,frames_0000000845.png
704166386,frames_0000000846.png
704999719,frames_0000000847.png
705833052,frames_0000000848.png
706666385,frames_0000000849.png
707499718,frames_0000000850.png
708333051,frames_0000000851.png
709166384,frames_0000000852.png
709999717,frames_0000000853.png
710833050,frames_0000000854.png
711666383,frames_0000000855.png
712499716,frames_0000000856.png
713333049,frames_0000000857.png
714166382,frames_0000000858.png
714999715,frames_0000000859.png
715833048,frames_0000000860.png
716666381,frames_0000000861.png
717499714,frames_0000000862.png
718333047,frames_0000000863.png
719166380,frames_0000000864.png
719999713,frames_0000000865.png
720833046,frames_0000000866.png
721666379,frames_0000000867.png
722499712,frames_0000000868.png
723333045,frames_0000000869.png
724166378,frames_0000000870.png
724999711,frames_0000000871.png
725833044,frames_0000000872.png
726666377,frames_0000000873.png
727499710,frames_0000000874.png
728333043,frames_0000000875.png
729166376,frames_0000000876.png
729999709,frames_0000000877.png
730833042,frames_0000000878.png
731666375,frames_0000000879.png
732499708,frames_0000000880.png
733333041,frames_0000000881.png
734166374,frames_0000000882.png
734999707,frames_0000000883.png
735833040,frames_0000000884.png
736666373,frames_0000000885.png
737499706,frames_0000000886.png
738333039,frames_0000000887.png
739166372,frames_0000000888.png
739999705,frames_0000000889.png
740833038,frames_0000000890.png
741666371,frames_0000000891.png
742499704,frames_0000000892.png
743333037,frames_0000000893.png
744166370,frames_0000000894.png
744999703,frames_0000000895.png
745833036,frames_0000000896.png
746666369,frames_0000000897.png
747499702,frames_0000000898.png
748333035,frames_0000000899.png
749166368,frames_0000000900.png
749999701,frames_0000000901.png
750833034,frames_0000000902.png
751666367,frames_0000000903.png
752499700,frames_0000000904.png
753333033,frames_0000000905.png
754166366,frames_0000000906.png
754999699,frames_0000000907.png
755833032,frames_0000000908.png
756666365,frames_0000000909.png
757499698,frames_0000000910.png
758333031,frames_0000000911.png
759166364,frames_0000000912.png
759999697,frames_0000000913.png
760833030,frames_0000000914.png
761666363,frames_0000000915.png
762499696,frames_0000000916.png
763333029,frames_0000000917.png
764166362,frames_0000000918.png
764999695,frames_0000000919.png
765833028,frames_0000000920.png
766666361,frames_0000000921.png
767499694,frames_0000000922.png
768333027,frames_0000000923.png
769166360,frames_0000000924.png
769999693,frames_0000000925.png
770833026,frames_0000000926.png
771666359,frames_0000000927.png
772499692,frames_0000000928.png
773333025,frames_0000000929.png
774166358,frames_0000000930.png
774999691,frames_0000000931.png
775833024,frames_0000000932.png
776666357,frames_0000000933.png
777499690,frames_0000000934.png
778333023,frames_0000000935.png
779166356,frames_0000000936.png
779999689,frames_0000000937.png
780833022,frames_0000000938.png
781666355,frames_0000000939.png
782499688,frames_0000000940.png
783333021,frames_0000000941.png
784166354,frames_0000000942.png
784999687,frames_0000000943.png
785833020,frames_0000000944.png
786666353,frames_0000000945.png
787499686,frames_0000000946.png
788333019,frames_0000000947.png
789166352,frames_0000000948.png
789999685,frames_0000000949.png
790833018,frames_0000000950.png
791666351,frames_0000000951.png
792499684,frames_0000000952.png
793333017,frames_0000000953.png
794166350,frames_0000000954.png
794999683,frames_0000000955.png
795833016,frames_0000000956.png
796666349,frames_0000000957.png
797499682,frames_0000000958.png
798333015,frames_0000000959.png
799166348,frames_0000000960.png
